{
    "root_group": {
        "name": "",
        "path": "",
        "id": "d41d8cd98f00b204e9800998ecf8427e",
        "groups": {},
        "checks": {
                "E1 status 200": {
                    "name": "E1 status 200",
                    "path": "::E1 status 200",
                    "id": "3e185c6264fc33f596a0e1c31c87b1a5",
                    "passes": 939,
                    "fails": 0
                },
                "E2 status 200": {
                    "name": "E2 status 200",
                    "path": "::E2 status 200",
                    "id": "9095388a1ef03a7c87f3e20946a30b93",
                    "passes": 939,
                    "fails": 0
                },
                "E3 status 200": {
                    "name": "E3 status 200",
                    "path": "::E3 status 200",
                    "id": "ee040f573c60eed4141629a48f62a1fe",
                    "passes": 939,
                    "fails": 0
                },
                "E3 has items": {
                    "name": "E3 has items",
                    "path": "::E3 has items",
                    "id": "cd9cfb2364145b136b8acfa9e84b6061",
                    "passes": 939,
                    "fails": 0
                }
            }
    },
    "metrics": {
        "vus_max": {
            "value": 20,
            "min": 20,
            "max": 20
        },
        "http_req_duration{endpoint:E2}": {
            "min": 145.175716,
            "med": 287.830327,
            "max": 938.889631,
            "p(90)": 469.89946580000003,
            "p(95)": 557.9699022999997,
            "avg": 315.90522227263057,
            "thresholds": {
                "p(99)<1000": false
            }
        },
        "data_received": {
            "count": 2465857,
            "rate": 16101.023875295825
        },
        "http_req_duration{expected_response:true}": {
            "avg": 367.7465340021286,
            "min": 145.175716,
            "med": 341.072558,
            "max": 1688.046814,
            "p(90)": 567.355656,
            "p(95)": 643.1911177999999
        },
        "http_req_tls_handshaking": {
            "p(90)": 0,
            "p(95)": 0,
            "avg": 5.405311760553387,
            "min": 0,
            "med": 0,
            "max": 1218.362513
        },
        "http_req_connecting": {
            "avg": 4.647291914863427,
            "min": 0,
            "med": 0,
            "max": 759.080306,
            "p(90)": 0,
            "p(95)": 0
        },
        "http_req_waiting": {
            "max": 1228.109278,
            "p(90)": 562.6145742000003,
            "p(95)": 641.3298844999999,
            "avg": 364.82800875452307,
            "min": 144.904425,
            "med": 339.820178
        },
        "vus": {
            "max": 20,
            "value": 1,
            "min": 0
        },
        "iteration_duration": {
            "avg": 1435.2719467816835,
            "min": 939.243013,
            "med": 1361.829936,
            "max": 4646.808525,
            "p(90)": 1747.102013,
            "p(95)": 2048.3307182
        },
        "http_req_duration": {
            "avg": 367.7465340021286,
            "min": 145.175716,
            "med": 341.072558,
            "max": 1688.046814,
            "p(90)": 567.355656,
            "p(95)": 643.1911177999999
        },
        "http_reqs": {
            "count": 2819,
            "rate": 18.40690125358402
        },
        "http_req_sending": {
            "avg": 0.10114975558708772,
            "min": 0.008377,
            "med": 0.075956,
            "max": 27.437035,
            "p(90)": 0.15150660000000007,
            "p(95)": 0.1822265
        },
        "iterations": {
            "count": 939,
            "rate": 6.131280694258742
        },
        "http_req_duration{endpoint:E1}": {
            "min": 149.289798,
            "med": 281.301993,
            "max": 1228.242304,
            "p(90)": 451.12718100000006,
            "p(95)": 568.247354,
            "avg": 305.05457447390853,
            "thresholds": {
                "p(99)<1000": false
            }
        },
        "http_req_duration{endpoint:E3}": {
            "min": 296.084287,
            "med": 458.242088,
            "max": 1688.046814,
            "p(90)": 637.5646928,
            "p(95)": 738.3307449999999,
            "avg": 482.5759172300315,
            "thresholds": {
                "p(99)<1000": false
            }
        },
        "checks": {
            "passes": 3756,
            "fails": 0,
            "value": 1
        },
        "http_req_blocked": {
            "max": 1843.167776,
            "p(90)": 0.0008762000000000003,
            "p(95)": 0.0010021,
            "avg": 10.172657174529972,
            "min": 0.000074,
            "med": 0.000438
        },
        "data_sent": {
            "rate": 868.5980983533219,
            "count": 133025
        },
        "http_req_receiving": {
            "p(95)": 8.704853699999983,
            "avg": 2.817375492018451,
            "min": 0.009088,
            "med": 0.086192,
            "max": 960.56495,
            "p(90)": 0.4451972000000011
        },
        "http_req_failed": {
            "passes": 0,
            "fails": 2819,
            "thresholds": {
                "rate<0.005": false
            },
            "value": 0
        }
    },
    "setup_data": {
        "jwtAvailable": false
    }
}